feature,mean_abs_shap,share_of_total_%
Credit_Score,0.2721,43.3
DTI_Ratio,0.2423,38.6
Applicant_Income,0.0504,8.0
Loan_to_Income,0.0299,4.8
Loan_Amount,0.0073,1.2
Total_Income,0.0049,0.8
Approx_EMI,0.0046,0.7
Savings,0.0032,0.5
Coapplicant_Income,0.0024,0.4
Savings_to_Loan,0.002,0.3
EMI_to_Income,0.0018,0.3
Age,0.0016,0.3
Collateral_Coverage,0.0014,0.2
Income_per_Dependent,0.0009,0.1
Collateral_Value,0.0007,0.1
Loan_Term,0.0006,0.1
Education_Level,0.0005,0.1
Dependents,0.0003,0.0
Loan_Purpose,0.0003,0.0
Property_Area,0.0002,0.0
Existing_Loans,0.0002,0.0
Employer_Category,0.0002,0.0
Employment_Status,0.0002,0.0
Marital_Status,0.0001,0.0
